"id","name","username","email","phone","createdAt"
1,Leanne Graham,Bret,sincere@april.biz,654755529,2024-02-08 19:38:40
2,Ervin Howell,Antonette,shanna@melissa.tv,608655509,2024-02-08 19:38:40
3,Clementine Bauch,Samantha,nathan@yesenia.net,673755553,2024-02-08 19:38:40
4,Patricia Lebsack,Karianne,julianne.OConner@kory.org,609655583,2024-02-08 19:38:40
5,Chelsey Dietrich,Kamren,lucio_hettinger@annie.ca,612655521,2024-02-08 19:38:40
6,Mrs. Dennis Schulist,Leopoldo_Corkery,karley_Ddach@jasper.info,645655563,2024-02-08 19:38:40
7,Kurtis Weissnat,Elwyn.Skiles,jelly.Hoeger@billy.biz,654755511,2024-02-08 19:38:40
8,Nicholas Runolfsdottir V,Maxime_Nienow,sherwood@rosamond.me,684755567,2024-02-08 19:38:40
9,Glenna Reichert,Delphine,shaim_McDermott@dana.io,696755521,2024-02-08 19:38:40
10,Clementina DuBuque,Moriah.Stanton,lucy.Padberg@karina.biz,643755554,2024-02-08 19:38:40